,聲韻,,聲調,字元,字數,,,,,,
47,aʔ,,陰入5,"阿, 鴨, 押, 壓",4,,,,,,
48,iaʔ,,陰入5,約,1,,,,,,
49,uaʔ,,陰入5,挖,1,,,,,,
50,oʔ,,陰入5,"惡, 握, 屋, 沃, 噩, 幄, 齷, 渥",8,,,,,,
51,ioʔ,,陰入5,郁,1,,,,,,
52,əʔ,,陰入5,"遏, 㷈, 盦",3,,,,,,
53,uəʔ,,陰入5,", 殟",2,,,,,,
54,iɪʔ,,陰入5,"縊, 靨, 揖, 噎, 乙, 一, 抑, 益, 咽, 壹, 溢, 邑, 謁, 屹, 悒, 搕, 擪",17,,,,,,
55,yɪʔ,,陰入5,郁,1,,,,,,
81,paʔ,,陰入5,"八, 百, 柏, 伯, 擘, 捌",6,,,,,,
82,poʔ,,陰入5,"博, 剝, 駁, 北, 卜, 膊, 搏",7,,,,,,
83,pəʔ,,陰入5,"鉢, 撥, 不",3,,,,,,
84,piɪʔ,,陰入5,"鼈, 筆, 畢, 必, 逼, 碧, 璧, 闢, 壁, 潷, 癟, 嗶",12,,,,,,
104,pʰaʔ,,陰入5,"帕, 泊, 迫, 拍, 魄, 珀, 粕, 舶",8,,,,paʔ,陰入5,
105,pʰoʔ,,陰入5,"樸, 朴, 撲, 仆, 噗, 璞, 濮, 蹼",8,,,,pʰaʔ,陰入5,
106,pʰəʔ,,陰入5,潑,1,,,,baʔ,陽入1,"拔, 白, 帛, 跋"
107,pʰiɪʔ,,陰入5,"撇, 匹, 僻, 闢, 劈, 霹, 瞥, 癖",8,,,,pa,陰平53,"巴, 芭, 疤, 爸, 叭, 笆"
169,faʔ,,陰入5,"法, 髮, 發, 琺, 砝",5,,,,pʰã,陰平53,乓
170,foʔ,,陰入5,"復, 福, 幅, 蝠, 複, 腹, 覆, 輻, 馥, 蝮",10,,,,ba,陽去13,"爬, 琶, 排, 牌, 罷, 稗, 敗, 俳"
171,fəʔ,,陰入5,彿,1,,,,pa,陰去35,"把, 霸, 欛, 壩, 垻, 拜, 擺, 靶, 湃"
210,taʔ,,陰入5,"答, 搭, 沓, 褡, 耷, 瘩, 妲, 嗒, 鎝, 㿯, 溚",11,,,,,,
211,toʔ,,陰入5,"篤, 督, 沰, 厾, 豛",5,,,,,,
212,təʔ,,陰入5,"綴, 掇, 得, 德, 敠",5,,,,,,
238,tʰaʔ,,陰入5,"搨, 塔, 榻, 塌, 溻, 獺, 遢, 蹋, 呾, 鰨",10,,,,paʔ,T4,eight
239,tʰoʔ,,陰入5,"託, 托, 魄, 禿, 庹, 拓, 橐, 柝, 袥",9,,,,pʰaʔ,T4,handercheif
240,tʰəʔ,,陰入5,"脫, 忒, 禿",3,,,,baʔ,T5,white
241,tʰiɪʔ,,陰入5,"帖, 貼, 鐵, 踢, 剔, 惕",6,,,,pa,T1,father
,,,,,,,,,pa,T2,dam
330,ʦaʔ,,陰入5,"劄, 札, 紮, 着, 酌, 窄, 隻, 炙, 咂, 灼, 匝",11,,,,pʰã,T1,(ping)pong
331,ʦoʔ,,陰入5,"拙, 作, 桌, 卓, 琢, 啄, 捉, 竹, 築, 祝, 粥, 足, 燭, 囑, 茁, 斫, 矚, 竺, 蹙, 唶, 瘃",21,,,,ba,T3,climb
332,ʦəʔ,,陰入5,"只, 摺, 褶, 執, 汁, 哲, 折, 浙, 拙, 質, 卒, 則, 側, 織, 職, 摘, 責, 仄, 窒, 蛭, 嘖, 唶",22,,,,,,
357,ʦʰaʔ,,陰入5,"插, 擦, 察, 綽, 拆, 㿭, 策, 册, 赤, 斥, 尺, 坼",12,,,,,,
358,ʦʰoʔ,,陰入5,"撮, 猝, 綽, 戳, 畜, 促, 觸, 擉, 齪, 簇, 矗, 輟, 怵, 啜, 蹴",15,,,,,,
359,ʦʰəʔ,,陰入5,"徹, 撤, 轍, 撮, 猝, 出, 飭, 側, 測, 拆, 斥, 掣, 惻, 澈, 叱, 黜, 敕",17,,,,,,
384,saʔ,,陰入5,"眨, 濕, 撒, 薩, 殺, 栅, 刹, 颯, 煞, 霎",10,,,,,,
385,soʔ,,陰入5,"塑, 宿, 索, 朔, 速, 肅, 縮, 叔, 粟, 束, 爍, 碩, 夙, 菽, 謖, 溯, 蓿, 鑠, 嗍, 倏",20,,,,,,
386,səʔ,,陰入5,"攝, 澀, 濕, 設, 刷, 說, 瑟, 蝨, 失, 室, 率, 蟀, 塞, 色, 嗇, 識, 式, 飾, 適, 釋, 穡, 拭",22,,,,,,
424,ʨiaʔ,,陰入5,"夾, 裌, 甲, 胛, 爵, 腳, 莢, 頰, 鉀",9,,,,,,
425,ʨioʔ,,陰入5,"覺, 厥, 決, 訣, 橘, 鑊, 菊, 掬, 鞠, 抉, 蹶, 孓, 蕨, 攫, 玨",15,,,,,,
426,ʨiɪʔ,,陰入5,"髻, 接, 劫, 挾, 急, 級, 給, 揭, 節, 結, 潔, 䥛, 吉, 即, 鯽, 戟, 積, 跡, 脊, 績, 擊, 激, 拮, 棘, 莢, 桔, 頰, 稷, 漬, 孑, 汲, 瘠, 癤, 唧, 鶺",35,,,,,,
427,ʨyɪʔ,,陰入5,"覺, 厥, 決, 訣, 橘, 钁, 菊, 掬, 鞠, 抉, 蹶, 孑, 蕨, 攫",14,,,,,,
443,ʨʰiaʔ,,陰入5,"恰, 洽, 怯, 雀, 鵲, 卻, 皵",7,,,,,,
444,ʨʰioʔ,,陰入5,"缺, 屈, 卻, 確, 麴, 曲, 蛐, 炔, 闕",9,,,,,,
445,ʨʰiɪʔ,,陰入5,"契, 怯, 緝, 輯, 泣, 切, 七, 漆, 訖, 乞, 戚, 吃, 柒, 迄, 竊, 葺, 鍥, 齕",18,,,,,,
446,ʨʰyɪʔ,,陰入5,"缺, 屈, 卻, 確, 麴, 曲, 蛐, 炔, 闕",9,,,,,,
496,ɕiaʔ,,陰入5,削,1,,,,,,
497,ɕioʔ,,陰入5,"血, 恤, 畜, 蓄, 旭, 噱",6,,,,,,
498,ɕiɪʔ,,陰入5,"脅, 吸, 薛, 泄, 歇, 蠍, 屑, 楔, 雪, 悉, 膝, 戌, 息, 熄, 媳, 惜, 昔, 錫, 析, 淅, 晰, 蟋, 隙, 褻, 蜥, 歙",26,,,,,,
499,ɕyɪʔ,,陰入5,"血, 恤, 畜, 蓄, 旭, 噱",6,,,,,,
541,kaʔ,,陰入5,"夾, 裌, 格, 隔, 膈, 骼, 䇲, 䀫",8,,,,,,
542,kuaʔ,,陰入5,"括, 刮, 曠, 摑",4,,,,,,
543,koʔ,,陰入5,"覺, 各, 閣, 擱, 胳, 郭, 廓, 角, 國, 穀, 谷, 幗, 桷, 鉻, 䀰",15,,,,,,
544,kəʔ,,陰入5,"合, 蛤, 割, 葛, 胳, 鶴, 革, 佮, 嗝, 疙",10,,,,,,
545,kuəʔ,,陰入5,"骨, 汩",2,,,,,,
577,kʰaʔ,,陰入5,"恰, 掐, 客",3,,,,,,
578,kʰoʔ,,陰入5,"窟, 廓, 殼, 哭, 酷",5,,,,,,
579,kʰəʔ,,陰入5,"咳, 磕, 渴, 刻, 克, 拷, 瞌, 搕",8,,,,,,
580,kʰuəʔ,,陰入5,"闊, 窟, 擴",3,,,,,,
633,haʔ,,陰入5,"嚇, 喝, 瞎, 呷",4,,,,,,
634,huaʔ,,陰入5,"豁, 奯",2,,,,,,
635,hoʔ,,陰入5,"忽, 霍, 藿, 塾, 淴",5,,,,,,
636,həʔ,,陰入5,"喝, 郝, 黑, 赫",4,,,,,,
637,huəʔ,,陰入5,寣,1,,,,,,
2,yŋ,,陰去35,"允, 熨, 蘊, 醖",4,,,,,,
4,i,,陰去35,"倚, 椅, 易, 已, 以, 意, 掩, 魘, 厭, 雁, 晏, 演, 堰, 燕, 嚥, 宴, 憶, 億, 臆, 詣, 癔, 鼴, 屹, 苡, 薏",25,,,,,,
6,u,,陰去35,"涴, 午, 汚",3,,,,,,
8,a,,陰去35,矮,1,,,,,,
10,ia,,陰去35,"雅, 啞, 訝, 迓",4,,,,,,
13,o,,陰去35,啞,1,,,,piŋ,陰平53,
15,ɔ,,陰去35,"襖, 奧, 媼, 澳, 拗, 墺",6,,,,pʰiŋ,陰平53,"拚, 姘, 拼, 乒"
17,iɔ,,陰去35,"要, 闄",2,,,,biŋ,陽去13,
19,ɤ,,陰去35,"嘔, 漚, 慪, 傴",4,,,,,,
21,iɤ,,陰去35,幼,1,,,,,,
23,e,,陰去35,"愛, 藹, 隘, 晏, 靄, 曖, 璦",7,,,,,,
25,ue,,陰去35,"倭, 會, 委, 餧, 畏, 慰, 幻, 患, 挽, 綰, 尉, 痿",12,,,,,,
27,ø,,陰去35,"暗, 諳, 黯",3,,,,,,
28,uø,,陰去35,"緩, 皖, 豌, 剜, 碗, 腕, 宛, 惋, 浣, 蜿, 婉, 菀",12,,,,,,
30,yø,,陰去35,"怨, 苑",2,,,,,,
33,iã,,陰去35,映,1,,,,,,
36,ɑ̃,,陰去35,盎,1,,,,,,
38,uɑ̃,,陰去35,"枉, 往",2,,,,,,
41,iŋ,,陰去35,"飲, 洇, 印, 隱, 應, 影, 映, 癮, 瀴",9,,,,,,
43,uəŋ,,陰去35,穩,1,,,,,,
45,oŋ,,陰去35,"甕, 䐥, 齆",3,,,,,,
46,ioŋ,,陰去35,"允, 熨, 永, 泳, 詠, 雍, 癰, 擁, 甬, 勇, 湧, 㙲, 蛹, 醞, 臃, 踴, 俑, 恿, 邕, 藴",20,,,,,,
58,pi,,陰去35,"蔽, 閉, 箅, 彼, 臂, 鄙, 比, 祕, 泌, 貶, 變, 扁, 匾, 遍, 匕, 妣",16,,,,,,
60,pu,,陰去35,"補, 譜, 布, 佈, 怖",5,,,,,,
62,pa,,陰去35,"把, 霸, 欛, 壩, 垻, 拜, 擺, 靶, 湃",9,,,,,,
64,po,,陰去35,"把, 霸, 欛, 壩, 垻, 靶",6,,,,,,
66,pɔ,,陰去35,"褒, 保, 堡, 寶, 報, 飽, 豹, 爆, 葆, 褓, 鴇, 趵",12,,,,,,
68,piɔ,,陰去35,"表, 錶, 婊",3,,,,,,
70,pe,,陰去35,"貝, 背, 扮, 瓣, 板, 版, 阪, 狽, 鋇",9,,,,,,
72,pø,,陰去35,"半, 判",2,,,,,,
74,pã,,陰去35,"迸, 泵",2,,,,,,
76,pɑ̃,,陰去35,"榜, 謗, 綁, 膀, 磅, 鎊, 蒡",7,,,,,,
78,pəŋ,,陰去35,"本, 苯",2,,,,,,
80,piŋ,,陰去35,"稟, 丙, 秉, 柄, 餅, 併, 炳, 摒, 擯, 鈵",10,,,,,,
86,pʰi,,陰去35,"譬, 庇, 屁, 否, 騙, 片, 痞, 媲, 蚍",9,,,,,,
88,pʰu,,陰去35,"破, 鋪, 譜, 普, 浦, 剖, 叵, 圃, 溥",9,,,,,,
89,pʰa,,陰去35,"怕, 派",2,,,,,,
90,pʰo,,陰去35,怕,1,,,,,,
92,pʰɔ,,陰去35,"泡, 炮, 皰",3,,,,,,
94,pʰiɔ,,陰去35,"漂, 票",2,,,,,,
95,pʰɤ,,陰去35,剖,1,,,,,,
97,pʰe,,陰去35,"配, 盼, 襻, 鋬",4,,,,,,
99,pʰɑ̃,,陰去35,"肨, 髈",2,,,,,,
102,pʰiŋ,,陰去35,"品, 聘, 牝",3,,,,,,
103,pʰoŋ,,陰去35,捧,1,,,,,,
126,mi,,陰去35,祕,1,,,,,,
140,me,,陰去35,"美, 鎂",2,,,,,,
146,məŋ,,陰去35,猛,1,,,,,,
148,miŋ,,陰去35,"閩, 敏, 抿, 鳴, 皿, 脗, 閔",7,,,,,,
157,fi,,陰去35,"廢, 肺, 吠, 匪, 榧, 費, 誹, 斐, 䉬",9,,,,,,
159,fu,,陰去35,"脯, 膚, 府, 腑, 俯, 甫, 斧, 釜, 輔, 付, 賦, 傅, 赴, 訃, 富, 副, 匐, 咐",18,,,,,,
160,fɤ,,陰去35,"否, 缶",2,,,,,,
162,fe,,陰去35,"泛, 反, 販, 返, 㽹",5,,,,,,
164,fɑ̃,,陰去35,"妨, 倣, 紡, 仿, 彷, 放, 訪, 舫",8,,,,,,
166,fəŋ,,陰去35,"粉, 憤, 忿, 糞, 奮, 汾",6,,,,,,
168,foŋ,,陰去35,俸,1,,,,,,
184,ti,,陰去35,"底, 抵, 帝, 點, 店, 典, 惦, 締, 玷, 蒂, 邸, 諦, 詆, 砥, 癜, 渧",16,,,,,,
186,tu,,陰去35,"朶, 躱, 刴, 堵, 賭, 肚, 妬, 睹, 蠹",9,,,,,,
187,ta,,陰去35,"戴, 帶",2,,,,,,
189,tia,,陰去35,嗲,1,,,,,,
191,tɔ,,陰去35,"掏, 禱, 島, 倒, 到",5,,,,,,
193,tiɔ,,陰去35,"鳥, 釣, 弔, 屌",4,,,,,,
195,tɤ,,陰去35,"斗, 抖, 陡, 鬥, 蚪",5,,,,,,
198,te,,陰去35,"戴, 帶, 對, 擔, 膽, 撣, 誕, 旦, 疸",9,,,,,,
200,tø,,陰去35,"撣, 短, 斷, 鍛",4,,,,,,
201,tã,,陰去35,打,1,,,,,,
203,tɑ̃,,陰去35,"當, 黨, 擋, 檔",4,,,,,,
205,təŋ,,陰去35,"頓, 等, 凳, 鐙, 戥, 噸, 燉, 盹, 礅, 磴, 憕, 膯",12,,,,,,
207,tiŋ,,陰去35,"釘, 頂, 鼎, 訂, 酊, 濎",6,,,,,,
209,toŋ,,陰去35,"董, 懂, 凍, 棟",4,,,,,,
215,tʰi,,陰去35,"體, 替, 涕, 剃, 屉, 舔, 掭, 嚏, 忝",9,,,,,,
217,tʰu,,陰去35,"妥, 橢, 唾, 土, 吐, 兔, 蛻, 堍, 毻",9,,,,,,
219,tʰa,,陰去35,"太, 泰, 汰",3,,,,,,
221,tʰɔ,,陰去35,"討, 套",2,,,,,,
223,tʰiɔ,,陰去35,"跳, 糶",2,,,,,,
225,tʰɤ,,陰去35,"㪗, 透",2,,,,,,
227,tʰe,,陰去35,"態, 太, 腿, 退, 毯, 坦, 炭, 嘆, 褪, 汰, 頹, 碳, 袒",13,,,,,,
229,tʰø,,陰去35,"蛻, 探, 煺",3,,,,,,
230,tʰã,,陰去35,踼,1,,,,,,
232,tʰɑ̃,,陰去35,"倘, 躺, 燙, 趟, 淌",5,,,,,,
233,tʰəŋ,,陰去35,"氽, 㶒",2,,,,,,
235,tʰiŋ,,陰去35,"聽, 艇, 梃",3,,,,,,
237,tʰoŋ,,陰去35,"捅, 痛, 統",3,,,,,,
307,ʦɿ,,陰去35,"著, 煑, 拄, 駐, 註, 主, 注, 蛀, 鑄, 制, 製, 紫, 智, 紙, 姊, 致, 旨, 指, 至, 子, 梓, 置, 滓, 之, 止, 趾, 址, 志, 誌, 痣, 嘴, 籽, 仔, 仔, 咫, 摯, 幟, 炷, 恣, 芷, 渚, 疰, 緻",43,,,,,,
309,ʦu,,陰去35,"左, 佐, 祖, 組, 做, 阻, 詛, 俎",8,,,,,,
311,ʦa,,陰去35,"詐, 榨, 炸, 債, 爪, 笊, 咱",7,,,,,,
313,ʦo,,陰去35,"詐, 榨, 炸, 蔗, 赭, 吒, 鷓, 柘",8,,,,,,
315,ʦɔ,,陰去35,"早, 棗, 蚤, 澡, 躁, 竃, 罩, 爪, 找, 笊, 照, 詔, 藻",13,,,,,,
317,ʦɤ,,陰去35,"走, 奏, 肘, 皺, 縐, 帚, 咒",7,,,,,,
319,ʦe,,陰去35,"者, 宰, 載, 贅, 斬, 蘸, 贊, 湛, 㜺",9,,,,,,
321,ʦø,,陰去35,"最, 綴, 贅, 嘴, 醉, 佔, 展, 戰, 轉, 輾, 囀",11,,,,,,
323,ʦã,,陰去35,"長, 漲, 仗, 帳, 脹",5,,,,,,
325,ʦɑ̃,,陰去35,"葬, 掌, 壯, 障, 瘴, 蟑, 奘",7,,,,,,
327,ʦəŋ,,陰去35,"枕, 鎮, 診, 疹, 振, 震, 準, 准, 拯, 證, 症, 正, 整, 政, 怎, 幀, 圳, 賑, 黰",19,,,,,,
329,ʦoŋ,,陰去35,"總, 綜, 中, 眾, 縱, 冢, 種, 腫, 蹱",9,,,,,,
334,ʦʰɿ,,陰去35,"褚, 處, 鼠, 刺, 侈, 翅, 次, 恥, 廁, 齒, 眦",11,,,,,,
336,ʦʰu,,陰去35,"銼, 醋, 措, 錯, 楚, 礎, 挫",7,,,,,,
338,ʦʰa,,陰去35,"茬, 岔, 扯, 蔡, 綽, 汊",6,,,,,,
340,ʦʰo,,陰去35,"岔, 汊",2,,,,,,
342,ʦʰɔ,,陰去35,"草, 騲, 躁, 糙, 鈔, 炒, 吵, 耖",8,,,,,,
344,ʦʰɤ,,陰去35,"湊, 丑, 醜, 臭, 腠",5,,,,,,
346,ʦʰe,,陰去35,"彩, 採, 睬, 菜, 燦, 鏟, 產, 璨, 懺, 粲, 啐",11,,,,,,
348,ʦʰø,,陰去35,"脆, 翠, 粹, 慘, 顫, 纂, 篡, 喘, 串, 闡, 萃, 瘁, 釧, 淬, 焠",15,,,,,,
350,ʦʰã,,陰去35,"廠, 暢, 撐, 牚, 敞, 倀, 悵, 氅",8,,,,,,
352,ʦʰɑ̃,,陰去35,"闖, 創, 唱, 倡, 愴",5,,,,,,
354,ʦʰəŋ,,陰去35,"趁, 襯, 忖, 寸, 蠢, 稱, 秤, 逞, 騁, 磣",10,,,,,,
356,ʦʰoŋ,,陰去35,"銃, 寵, 鍯",3,,,,,,
361,sɿ,,陰去35,"暑, 黍, 庶, 恕, 戍, 世, 勢, 賜, 豕, 死, 四, 肆, 矢, 屎, 使, 史, 駛, 始, 試, 水, 泗, 駟",22,,,,,,
363,su,,陰去35,"鎖, 瑣, 素, 訴, 塑, 嗉, 所, 數, 戍, 漱, 嗩",11,,,,,,
365,sa,,陰去35,"灑, 傻, 耍, 曬, 撒, 啥, 閯",7,,,,,,
367,so,,陰去35,"捨, 赦, 舍, 曬",4,,,,,,
369,sɔ,,陰去35,"掃, 嫂, 潲, 少, 燥",5,,,,,,
371,sɤ,,陰去35,"叟, 嗽, 瘦, 手, 首, 守, 獸, 狩, 擻",9,,,,,,
373,se,,陰去35,"舍, 賽, 碎, 帥, 散, 傘, 塞, 饊",8,,,,,,
375,sø,,陰去35,"歲, 稅, 銳, 綏, 水, 陝, 閃, 搧, 扇, 算, 蒜, 率, 糝, 祟, 邃",15,,,,,,
377,sã,,陰去35,省,1,,,,,,
379,sɑ̃,,陰去35,"喪, 磉, 嗓, 搡, 爽, 賞",6,,,,,,
381,səŋ,,陰去35,"沈, 審, 嬸, 滲, 損, 遜, 筍, 榫, 舜, 勝, 聖, 瞬",12,,,,,,
383,soŋ,,陰去35,"送, 宋, 慫, 誦, 頌, 訟, 聳, 悚, 竦",9,,,,,,
405,ʨi,,陰去35,"左, 姐, 祭, 際, 擠, 濟, 劑, 計, 繼, 繫, 寄, 冀, 己, 紀, 記, 幾, 旣, 季, 鑑, 檢, 劍, 間, 簡, 柬, 揀, 諫, 澗, 鐧, 剪, 箭, 濺, 建, 薦, 繭, 見, 毽, 蟣, 悸, 緘, 暨, 驥, 麂, 瞼, 霽, 蹇, 謇, 傺",47,,,,,,
407,ʨy,,陰去35,"舉, 據, 鋸, 矩, 句, 鬼, 貴, 苣, 踞, 倨, 櫸",11,,,,,,
409,ʨia,,陰去35,"假, 賈, 架, 駕, 嫁, 稼, 價, 姐, 借, 介, 界, 屆, 戒, 解, 枷, 誡",16,,,,,,
411,ʨiɔ,,陰去35,"教, 絞, 狡, 鉸, 攪, 校, 校, 較, 窖, 覺, 醮, 矯, 繳, 僥, 叫, 餃, 跤, 姣, 佼, 皎",20,,,,,,
413,ʨiɤ,,陰去35,"酒, 九, 久, 韭, 灸, 救, 玖, 疚, 廄, 㾭",10,,,,,,
415,ʨie,,陰去35,鑑,1,,,,,,
417,ʨyø,,陰去35,"捲, 卷, 絹",3,,,,,,
419,ʨiã,,陰去35,"將, 蔣, 獎, 槳, 醬, 講, 降, 絳",8,,,,,,
421,ʨiŋ,,陰去35,"禁, 錦, 浸, 儘, 進, 晉, 緊, 謹, 勁, 俊, 濬, 境, 景, 警, 敬, 竟, 鏡, 井, 頸, 徑, 靳, 憬, 峻, 駿, 竣, 阱, 剄, 儆, 堇, 槿",30,,,,,,
423,ʨioŋ,,陰去35,"窘, 迥",2,,,,,,
429,ʨʰi,,陰去35,"且, 去, 砌, 啓, 契, 企, 器, 棄, 起, 杞, 氣, 汽, 欠, 歉, 淺, 遣, 芡, 譴, 倩, 塹, 茜, 繾, 跂, 覷, 緙, 㹂",26,,,,,,
431,ʨʰy,,陰去35,"去, 取, 娶, 趣, 齲, 覷",6,,,,,,
432,ʨʰia,,陰去35,笡,1,,,,,,
434,ʨʰiɔ,,陰去35,"巧, 俏, 竅, 翹, 峭",5,,,,,,
437,ʨʰyø,,陰去35,"勸, 券, 犬",3,,,,,,
439,ʨʰiã,,陰去35,"搶, 嗆, 戧, 繈, 蹌, 鏹",6,,,,,,
441,ʨʰiŋ,,陰去35,"寢, 撳, 慶, 請, 磬, 頃, 沁, 罄",8,,,,,,
463,ȵiɔ,,陰去35,鳥,1,,,,,,
470,ȵiã,,陰去35,仰,1,,,,,,
479,ɕyŋ,,陰去35,"荀, 迅, 殉, 訓, 馴, 詢",6,,,,,,
481,ɕi,,陰去35,"洗, 細, 壻, 繫, 系, 係, 璽, 徙, 戲, 死, 喜, 蟢, 險, 莧, 癬, 線, 憲, 獻, 顯, 選, 鏾, 禧, 銑, 蜆, 跣, 蘚, 筅",27,,,,,,
483,ɕy,,陰去35,"許, 壻, 栩, 酗, 煦, 詡",6,,,,,,
484,ɕia,,陰去35,"廈, 瑕, 遐, 下, 夏, 暇, 寫, 瀉, 卸, 㕐",10,,,,,,
486,ɕiɔ,,陰去35,"酵, 淆, 孝, 小, 笑, 曉, 哮, 筱",8,,,,,,
488,ɕiɤ,,陰去35,"秀, 繡, 宿, 銹, 朽, 嗅, 琇, 溴",8,,,,,,
491,ɕiã,,陰去35,"相, 想, 鮝, 享, 響, 餉, 向, 饗",8,,,,,,
493,ɕiŋ,,陰去35,"信, 訊, 釁, 欣, 迅, 興, 省, 性, 姓, 醒, 囟, 汛, 臖",13,,,,,,
495,ɕioŋ,,陰去35,"荀, 殉, 訓, 馴, 詢",5,,,,,,
511,ku,,陰去35,"個, 過, 果, 裹, 餜, 賈, 蝸, 古, 估, 牯, 股, 鼓, 故, 固, 錮, 雇, 顧, 蠱, 詁, 臌, 瞽",21,,,,,,
513,ka,,陰去35,"假, 架, 駕, 嫁, 價, 介, 界, 尬, 疥, 屆, 戒, 解, 枷, 庎",14,,,,,,
515,kua,,陰去35,"寡, 剮, 怪, 拐, 掛, 卦",6,,,,,,
517,ko,,陰去35,"寡, 剮, 掛, 卦",4,,,,,,
519,kɔ,,陰去35,"稿, 告, 教, 絞, 鉸, 攪, 酵, 窖, 覺, 鎬, 誥, 槁, 杲, 縞",14,,,,,,
521,kɤ,,陰去35,"狗, 苟, 彀, 够, 構, 購, 垢, 枸, 媾",9,,,,,,
524,kue,,陰去35,"會, 劊, 檜, 鱖, 閨, 桂, 詭, 軌, 鬼, 貴, 貫, 鰥, 慣, 燴",14,,,,,,
526,kø,,陰去35,"感, 敢, 桿, 稈, 擀, 趕, 幹, 贛, 淦, 紺",10,,,,,,
528,kuø,,陰去35,"觀, 冠, 管, 館, 灌, 罐, 盥, 鸛",8,,,,,,
530,kã,,陰去35,"哽, 埂, 梗, 鯁, 亙",5,,,,,,
533,kɑ̃,,陰去35,"崗, 杠, 講, 港, 降, 虹",6,,,,,,
535,kuɑ̃,,陰去35,"廣, 逛, 鄺",3,,,,,,
537,kəŋ,,陰去35,"更, 耿, 艮",3,,,,,,
538,kuəŋ,,陰去35,"滾, 棍, 磙, 袞, 鯀",5,,,,,,
540,koŋ,,陰去35,"貢, 汞, 供, 拱, 鞏",5,,,,,,
547,kʰu,,陰去35,"可, 顆, 課, 苦, 褲, 坷",6,,,,,,
549,kʰa,,陰去35,"楷, 卡",2,,,,,,
551,kʰua,,陰去35,"垮, 跨, 蒯, 快, 筷",5,,,,,,
553,kʰo,,陰去35,"垮, 跨",2,,,,,,
555,kʰɔ,,陰去35,"考, 烤, 靠, 犒, 拷, 銬",6,,,,,,
557,kʰɤ,,陰去35,"口, 叩, 扣, 寇, 蔻, 釦",6,,,,,,
559,kʰe,,陰去35,"改, 凱, 概, 漑, 慨, 蓋, 丐, 坎, 砍, 勘, 橄, 減, 鹻, 嵌, 鑑, 刊, 襇, 揀, 澗, 檻, 鈣, 愾, 侃, 愷, 鎧, 鍇",26,,,,,,
561,kʰue,,陰去35,"傀, 塊, 會, 劊, 款, 噲, 窾",7,,,,,,
563,kʰø,,陰去35,看,1,,,,,,
565,kʰuø,,陰去35,"款, 窾",2,,,,,,
568,kʰɑ̃,,陰去35,"慷, 抗, 囥, 亢, 伉, 吭",6,,,,,,
570,kʰuɑ̃,,陰去35,"曠, 况, 礦",3,,,,,,
572,kʰəŋ,,陰去35,"懇, 墾, 齦, 肯",4,,,,,,
574,kʰuəŋ,,陰去35,"綑, 困, 睏",3,,,,,,
576,kʰoŋ,,陰去35,"空, 孔, 控, 恐",4,,,,,,
606,hu,,陰去35,"荷, 火, 夥, 貨, 虎, 滸, 戽, 琥",8,,,,,,
608,ha,,陰去35,蟹,1,,,,,,
610,hua,,陰去35,化,1,,,,,,
612,ho,,陰去35,化,1,,,,,,
614,hɔ,,陰去35,"好, 耗, 孝",3,,,,,,
616,hɤ,,陰去35,"吼, 鱟",2,,,,,,
618,he,,陰去35,"海, 喊",2,,,,,,
620,hue,,陰去35,"賄, 悔, 晦, 穢, 毀, 揮, 諱, 燴, 卉, 誨, 喙",11,,,,,,
622,hø,,陰去35,"憾, 罕, 漢, 熯, 㗿",5,,,,,,
624,huø,,陰去35,"喚, 煥, 渙, 瘓",4,,,,,,
627,huɑ̃,,陰去35,"謊, 晃, 况, 恍, 幌",5,,,,,,
629,həŋ,,陰去35,"很, 擤, 狠",3,,,,,,
632,hoŋ,,陰去35,"哄, 蕻, 訌",3,,,,,,
639,ɦi,,陰去35,"繫, 奚, 系, 係, 攜, 畦, 移, 肆, 伊, 夷, 姨, 飴, 矣, 異, 沂, 遺, 陷, 餡, 炎, 鹽, 閻, 簷, 豔, 焰, 嫌, 閒, 顔, 涎, 延, 筵, 諺, 言, 賢, 弦, 現, 沿, 眩, 冶, 舷, 怡, 嫻, 蜒, 衍, 彥, 唁, 貽, 胰, 頤, 彝, 裔, 詣, 弈, 懿, 勚, 痍, 簃",56,,,,,,
642,ɦy,,陰去35,"餧, 嫗",2,,,,,,
1,n̍,,陰平53,嗯,1,,,,,,
3,i,,陰平53,"瞖, 伊, 醫, 衣, 依, 淹, 閹, 腌, 蔫, 焉, 煙, 嚥, 胭, 嫣, 漪, 銥, 猗, 匽",18,,,,,,
5,u,,陰平53,"阿, 倭, 窩, 五, 伍, 烏, 汚, 塢, 誣, 萵, 捂, 嗚, 鎢, 鄔, 焐, 唩",16,,,,,,
7,a,,陰平53,"阿, 挨",2,,,,,,
9,ia,,陰平53,"霞, 鴉, 丫, 亞, 椰",5,,,,,,
11,ua,,陰平53,"蛙, 窪, 歪, 娃, 媧",5,,,,iŋ,陰平53,
12,o,,陰平53,"阿, 鴉, 丫, 椏, 划, 蛙, 搲, 挜",8,,,,iŋ,陰去35,
14,ɔ,,陰平53,"懊, 坳, 凹",3,,,,piŋ,陰去35,
16,iɔ,,陰平53,"妖, 邀, 腰, 要, 么, 吆, 夭",7,,,,pʰiŋ,陰去35,"品, 聘, 牝"
18,ɤ,,陰平53,"區, 歐, 甌, 毆, 謳, 鷗, 傴",7,,,,,,
20,iɤ,,陰平53,"憂, 優, 悠, 幽, 攸",5,,,,,,
22,e,,陰平53,"哀, 埃, 挨",3,,,,,,
24,ue,,陰平53,"煨, 萎, 餧, 威, 彎, 灣, 偎",7,,,,,,
26,ø,,陰平53,"庵, 安, 鞍, 按, 案, 鵪, 氨, 銨",8,,,,,,
29,yø,,陰平53,"冤, 淵, 鴛",3,,,,,,
31,ã,,陰平53,"鸚, 櫻",2,,,,,,
32,iã,,陰平53,"央, 秧, 殃, 鴦, 泱, 怏",6,,,,,,
34,uã,,陰平53,橫,1,,,,,,
35,ɑ̃,,陰平53,骯,1,,,,,,
37,uɑ̃,,陰平53,汪,1,,,,,,
39,əŋ,,陰平53,"恩, 嗯",2,,,,,,
40,iŋ,,陰平53,"音, 陰, 蔭, 因, 姻, 殷, 尹, 應, 鷹, 蠅, 鶯, 鸚, 櫻, 英, 嬰, 纓, 唁, 茵, 罌, 膺, 縈, 瑛, 氤, 痏",24,,,,,,
42,uəŋ,,陰平53,"溫, 瘟, 蘊",3,,,,,,
44,oŋ,,陰平53,"翁, 嗡, 蕹",3,,,,,,
56,m̍,,陰平53,"拇, 姆",2,,,,,,
57,pi,,陰平53,"蓖, 篦, 鞭, 編, 邊, 蝙, 屄, 鯿, 砭, 煸",10,,,,,,
59,pu,,陰平53,"波, 菠, 玻, 跛, 簸, 播",6,,,,,,
61,pa,,陰平53,"巴, 芭, 疤, 爸, 叭, 笆",6,,,,,,
63,po,,陰平53,"巴, 芭, 疤, 笆",4,,,,,,
65,pɔ,,陰平53,"褒, 包, 胞, 苞",4,,,,,,
67,piɔ,,陰平53,"臕, 標, 錶, 彪, 鑣, 飆, 鏢",7,,,,,,
69,pe,,陰平53,"杯, 輩, 碑, 卑, 彼, 悲, 班, 斑, 頒, 扳, 般, 擘, 瘢, 裨, 螌",15,,,,,,
71,pø,,陰平53,"搬, 潘",2,,,,,,
73,pã,,陰平53,"崩, 浜, 姘, 繃",4,,,,,,
75,pɑ̃,,陰平53,"幫, 邦, 梆",3,,,,,,
77,pəŋ,,陰平53,"奔, 崩, 賁, 畚",4,,,,,,
79,piŋ,,陰平53,"彬, 賓, 檳, 殯, 鬢, 冰, 兵, 斌, 濱, 繽",10,,,,,,
85,pʰi,,陰平53,"批, 披, 丕, 篇, 偏, 砒, 翩, 紕",8,,,,,,
87,pʰu,,陰平53,"頗, 坡, 鋪",3,,,,,,
91,pʰɔ,,陰平53,"拋, 脬",2,,,,,,
93,pʰiɔ,,陰平53,"飄, 漂, 瞟",3,,,,,,
96,pʰe,,陰平53,"沛, 胚, 坯, 丕, 攀",5,,,,,,
98,pʰã,,陰平53,乓,1,,,,,,
100,pʰəŋ,,陰平53,"噴, 烹, 砰, 抨, 怦",5,,,,,,
101,pʰiŋ,,陰平53,"拚, 姘, 拼, 乒",4,,,,,,
125,mi,,陰平53,"瞇, 咪",2,,,,,,
128,mu,,陰平53,拇,1,,,,,,
130,ma,,陰平53,媽,1,,,,,,
132,mo,,陰平53,嬤,1,,,,,,
134,mɔ,,陰平53,貓,1,,,,,,
136,miɔ,,陰平53,瞄,1,,,,,,
145,məŋ,,陰平53,悶,1,,,,,,
150,moŋ,,陰平53,蒙,1,,,,,,
156,fi,,陰平53,"非, 飛, 妃, 疿, 翡, 菲, 啡, 沸, 緋, 扉, 霏",11,,,,,,
158,fu,,陰平53,"夫, 敷, 俘, 麩, 孚",5,,,,,,
161,fe,,陰平53,"翻, 番, 幡",3,,,,,,
163,fɑ̃,,陰平53,"方, 肪, 芳, 坊, 枋",5,,,,,,
165,fəŋ,,陰平53,"分, 芬, 紛, 吩, 氛, 畚",6,,,,,,
167,foŋ,,陰平53,"風, 楓, 瘋, 豐, 諷, 封, 峯, 蜂, 鋒, 烽",10,,,,,,
183,ti,,陰平53,"低, 掂, 顛, 踮, 巔, 癲, 羝",7,,,,,,
185,tu,,陰平53,"多, 都, 嘟",3,,,,,,
188,tia,,陰平53,爹,1,,,,,,
190,tɔ,,陰平53,"刀, 叨",2,,,,,,
192,tiɔ,,陰平53,"刁, 貂, 雕, 凋",4,,,,,,
194,tɤ,,陰平53,"兜, 篼",2,,,,,,
196,tiɤ,,陰平53,丟,1,,,,,,
197,te,,陰平53,"獃, 堆, 耽, 擔, 丹, 單, 歹, 眈, 鄲, 殫, 簞",11,,,,,,
199,tø,,陰平53,端,1,,,,,,
202,tɑ̃,,陰平53,"當, 鐺, 襠, 噹, 璫",5,,,,,,
204,təŋ,,陰平53,"吞, 敦, 墩, 蹲, 登, 燈, 瞪, 蹬, 礅, 驐",10,,,,,,
206,tiŋ,,陰平53,"丁, 釘, 疔, 叮, 盯, 仃",6,,,,,,
208,toŋ,,陰平53,"東, 冬",2,,,,,,
214,tʰi,,陰平53,"梯, 添, 天, 銻",4,,,,,,
216,tʰu,,陰平53,拖,1,,,,,,
218,tʰa,,陰平53,"拖, 他, 她, 它",4,,,,,,
220,tʰɔ,,陰平53,"叨, 滔, 濤, 韜, 縚, 饕",6,,,,,,
222,tʰiɔ,,陰平53,"挑, 眺, 祧, 佻",4,,,,,,
224,tʰɤ,,陰平53,偷,1,,,,,,
226,tʰe,,陰平53,"胎, 苔, 推, 坍, 毯, 灘, 攤, 癱",8,,,,,,
228,tʰø,,陰平53,"貪, 湍",2,,,,,,
231,tʰɑ̃,,陰平53,湯,1,,,,,,
234,tʰiŋ,,陰平53,"聽, 廳, 汀",3,,,,,,
236,tʰoŋ,,陰平53,"通, 蓪",2,,,,,,
258,ni,,陰平53,你,1,,,,,,
260,na,,陰平53,"那, 拿",2,,,,,,
262,no,,陰平53,拿,1,,,,,,
265,ne,,陰平53,"拿, 乃",2,,,,,,
267,nø,,陰平53,囡,1,,,,,,
271,noŋ,,陰平53,弄,1,,,,,,
277,lu,,陰平53,"櫓, 嚕, 攎",3,,,,,,
280,la,,陰平53,拉,1,,,,,,
282,lɔ,,陰平53,"撈, 嘮",2,,,,,,
284,liɔ,,陰平53,"撩, 尥, 摷",3,,,,,,
287,liɤ,,陰平53,溜,1,,,,,,
293,lɑ̃,,陰平53,誏,1,,,,,,
295,ləŋ,,陰平53,"扔, 愣, 掄",3,,,,,,
297,liŋ,,陰平53,拎,1,,,,,,
299,loŋ,,陰平53,弄,1,,,,,,
306,ʦɿ,,陰平53,"豬, 諸, 誅, 蛛, 株, 朱, 硃, 珠, 知, 蜘, 智, 支, 枝, 肢, 梔, 資, 姿, 咨, 脂, 茲, 滋, 輜, 芝, 孳, 孜, 吱, 茱, 淄, 齜, 侏, 髭, 錙",32,,,,,,
308,ʦu,,陰平53,租,1,,,,,,
310,ʦa,,陰平53,"渣, 齋, 抓",3,,,,,,
312,ʦo,,陰平53,"查, 渣, 遮, 抓, 摣",5,,,,,,
314,ʦɔ,,陰平53,"遭, 糟, 抓, 朝, 昭, 招, 沼, 搔, 釗",9,,,,,,
316,ʦɤ,,陰平53,"晝, 鄒, 周, 舟, 州, 洲, 謅",7,,,,,,
318,ʦe,,陰平53,"災, 栽, 再, 齋, 寨, 盞, 崽, 哉, 仔, 劗",10,,,,,,
320,ʦø,,陰平53,"追, 錐, 簪, 沾, 瞻, 占, 氈, 鑽, 專, 磚, 詹",11,,,,,,
322,ʦã,,陰平53,"張, 爭, 睜",3,,,,,,
324,ʦɑ̃,,陰平53,"贓, 髒, 莊, 裝, 章, 樟, 樁, 妝, 蟑, 獐, 臧, 彰, 漳, 璋",14,,,,,,
326,ʦəŋ,,陰平53,"針, 斟, 珍, 榛, 臻, 眞, 診, 尊, 遵, 肫, 曾, 增, 憎, 蒸, 爭, 箏, 睜, 貞, 偵, 正, 征, 砧, 掙, 甑, 禎, 甄, 猙, 諄, 箴, 樽, 楨, 㲀",32,,,,,,
328,ʦoŋ,,陰平53,"椶, 鬃, 宗, 中, 忠, 終, 蹤, 鐘, 鍾, 樅, 衷, 翪",12,,,,,,
333,ʦʰɿ,,陰平53,"差, 雌, 疵, 此, 眵, 癡, 嗤, 吹, 笞, 鴟, 魑, 粢",12,,,,,,
335,ʦʰu,,陰平53,"搓, 粗, 錯, 初, 蹉, 磋",6,,,,,,
337,ʦʰa,,陰平53,"叉, 杈, 差, 釵, 詫",5,,,,,,
339,ʦʰo,,陰平53,"搓, 叉, 杈, 差, 車, 錯, 釵, 詫",8,,,,,,
341,ʦʰɔ,,陰平53,"操, 抄, 鈔, 超",4,,,,,,
343,ʦʰɤ,,陰平53,抽,1,,,,,,
345,ʦʰe,,陰平53,"攙, 潺",2,,,,,,
347,ʦʰø,,陰平53,"猜, 催, 崔, 揣, 吹, 炊, 參, 餐, 汆, 竄, 川, 穿, 串, 攛, 摧, 躥",16,,,,,,
349,ʦʰã,,陰平53,"撐, 昶",2,,,,,,
351,ʦʰɑ̃,,陰平53,"倉, 蒼, 瘡, 昌, 菖, 倡, 窗, 艙, 猖, 滄, 鯧, 閶",12,,,,,,
353,ʦʰəŋ,,陰平53,"參, 村, 皴, 春, 樁, 稱, 琛, 嗔, 瞠, 瞋",10,,,,,,
355,ʦʰoŋ,,陰平53,"聰, 怱, 葱, 囪, 充, 從, 衝, 舂, 忡, 憧",10,,,,,,
360,sɿ,,陰平53,"梳, 書, 舒, 樞, 輸, 篩, 斯, 廝, 撕, 施, 私, 師, 獅, 尸, 屍, 司, 絲, 思, 詩, 螄, 抒, 嘶, 鷥, 紓",24,,,,,,
362,su,,陰平53,"蓑, 梭, 蘇, 酥, 疏, 蔬, 穌, 囌",8,,,,,,
364,sa,,陰平53,"莎, 沙, 紗, 篩, 娑, 砂, 鯊, 裟, 釃",9,,,,,,
366,so,,陰平53,"莎, 沙, 紗, 賒, 娑, 砂, 痧, 鯊, 裟",9,,,,,,
368,sɔ,,陰平53,"騷, 臊, 梢, 捎, 稍, 燒, 艄, 哨, 筲, 艘",10,,,,,,
370,sɤ,,陰平53,"搜, 颼, 餿, 蒐, 收, 艘, 溲",7,,,,,,
372,se,,陰平53,"腮, 鰓, 衰, 三, 杉, 衫, 珊, 山, 删, 疝, 率, 舢, 訕, 汕, 姍, 芟, 叁",17,,,,,,
374,sø,,陰平53,"奢, 雖, 酸, 閂, 拴, 栓, 痠",7,,,,,,
376,sã,,陰平53,"生, 牲, 甥, 聲",4,,,,,,
378,sɑ̃,,陰平53,"桑, 喪, 霜, 孀, 商, 傷, 雙, 墒",8,,,,,,
380,səŋ,,陰平53,"參, 森, 深, 身, 申, 伸, 孫, 僧, 升, 生, 牲, 笙, 甥, 聲, 紳, 呻, 猻",17,,,,,,
382,soŋ,,陰平53,"鬆, 嵩, 松, 淞",4,,,,,,
403,ʨyŋ,,陰平53,"均, 鈞, 窘, 君, 軍, 皸, 峻, 駿, 竣",9,,,,,,
404,ʨi,,陰平53,"雞, 稽, 飢, 肌, 几, 基, 幾, 機, 譏, 饑, 旣, 監, 尖, 殲, 兼, 搛, 艱, 間, 奸, 煎, 箋, 肩, 堅, 箕, 羈, 嗟, 姬, 嘰, 磯, 嵇, 菅, 乩, 蒹, 朞",34,,,,,,
406,ʨy,,陰平53,"車, 居, 拘, 駒, 龜, 疽, 琚, 裾",8,,,,,,
408,ʨia,,陰平53,"家, 加, 嘉, 傢, 皆, 階, 佳, 枷, 笳, 袈, 喈",11,,,,,,
410,ʨiɔ,,陰平53,"交, 郊, 膠, 焦, 蕉, 椒, 驕, 嬌, 澆, 繳, 糾, 礁, 蛟",13,,,,,,
412,ʨiɤ,,陰平53,"揫, 鳩, 鬮, 糾, 究, 赳, 啾",7,,,,,,
414,ʨie,,陰平53,"械, 監, 奸",3,,,,,,
416,ʨyø,,陰平53,"捐, 鵑, 娟, 涓",4,,,,,,
418,ʨiã,,陰平53,"將, 漿, 疆, 僵, 薑, 礓, 繮, 姜, 江",9,,,,,,
420,ʨiŋ,,陰平53,"今, 金, 襟, 津, 巾, 斤, 筋, 莖, 京, 荆, 驚, 精, 晶, 睛, 經, 矜, 旌, 兢, 菁, 涇",20,,,,,,
422,ʨioŋ,,陰平53,"均, 鈞, 君, 軍, 皸, 龔, 炯",7,,,,,,
428,ʨʰi,,陰平53,"蛆, 妻, 棲, 溪, 欺, 豈, 殲, 籤, 簽, 謙, 遷, 箋, 千, 牽, 韃, 騫, 淒, 仟, 阡, 扡, 釺, 萋, 芊, 僉, 槧, 㹂",26,,,,,,
430,ʨʰy,,陰平53,"蛆, 趨, 區, 驅, 虧, 軀, 嶇, 祛",8,,,,,,
433,ʨʰiɔ,,陰平53,"敲, 鍬, 繰, 悄, 撬, 蹺, 橇",7,,,,,,
435,ʨʰiɤ,,陰平53,"揫, 秋, 鞦, 丘, 鰍, 蚯, 邱, 恘",8,,,,,,
436,ʨʰyø,,陰平53,圈,1,,,,,,
438,ʨʰiã,,陰平53,"槍, 羌, 腔, 鏘",4,,,,,,
440,ʨʰiŋ,,陰平53,"侵, 欽, 親, 卿, 清, 輕, 青, 蜻, 傾, 氫, 氰, 衾, 鯖",13,,,,,,
442,ʨʰioŋ,,陰平53,穹,1,,,,,,
460,ȵi,,陰平53,"粘, 拈, 碾, 撚, 攆, 研, 妍, 抳, 蹍",9,,,,,,
465,ȵiɤ,,陰平53,"扭, 妞",2,,,,,,
469,ȵiã,,陰平53,孃,1,,,,,,
478,ɕyŋ,,陰平53,"熏, 勳, 薰, 醺",4,,,,,,
480,ɕi,,陰平53,"些, 絮, 西, 犀, 奚, 兮, 畦, 犧, 嬉, 熙, 希, 稀, 髓, 妗, 仙, 鮮, 軒, 掀, 先, 宣, 喧, 圾, 纖, 秈, 嘻, 熹, 羲, 曦, 暹, 胥, 萱, 粞, 揎",33,,,,,,
482,ɕy,,陰平53,"絮, 墟, 虛, 嘘, 須, 鬚, 需, 吁, 胥",9,,,,,,
485,ɕiɔ,,陰平53,"消, 宵, 霄, 硝, 銷, 鞘, 枵, 囂, 蕭, 簫, 肖, 逍, 瀟, 嘯, 梟",15,,,,,,
487,ɕiɤ,,陰平53,"修, 羞, 休",3,,,,,,
489,ɕyø,,陰平53,"靴, 宣, 喧, 楦, 萱, 揎, 䚭, 㧦",8,,,,,,
490,ɕiã,,陰平53,"相, 箱, 廂, 湘, 襄, 鑲, 香, 鄉",8,,,,,,
492,ɕiŋ,,陰平53,"心, 掀, 辛, 新, 薪, 興, 蜻, 星, 腥, 馨, 芯, 惶, 莘, 鋅, 鑫, 猩, 眚, 歆",18,,,,,,
494,ɕioŋ,,陰平53,"熏, 勳, 薰, 兄, 胸, 凶, 兇, 醺, 洶, 匈, 訩",11,,,,,,
510,ku,,陰平53,"歌, 哥, 鍋, 戈, 姑, 孤, 箍, 菇, 辜, 沽, 蛄, 鴣",12,,,,,,
512,ka,,陰平53,"家, 加, 痂, 嘉, 傢, 階, 芥, 街, 枷, 笳, 咖, 伽, 袈",13,,,,,,
514,kua,,陰平53,"瓜, 乖",2,,,,,,
516,ko,,陰平53,瓜,1,,,,,,
518,kɔ,,陰平53,"高, 膏, 篙, 羔, 糕, 告, 交, 膠, 茭, 皋, 鮫",11,,,,,,
520,kɤ,,陰平53,"勾, 鉤, 溝, 佝, 篝",5,,,,,,
522,ke,,陰平53,"該, 尷, 監, 間, 奸, 賅",6,,,,,,
523,kue,,陰平53,"圭, 規, 龜, 歸, 關, 瑰, 硅",7,,,,,,
525,kø,,陰平53,"甘, 柑, 泔, 肝, 竿, 乾, 坩",7,,,,,,
527,kuø,,陰平53,"官, 棺, 觀, 冠, 倌",5,,,,,,
529,kã,,陰平53,"更, 粳, 庚, 羹",4,,,,,,
531,kuã,,陰平53,光,1,,,,,,
532,kɑ̃,,陰平53,"岡, 剛, 綱, 鋼, 缸, 江, 扛, 豇, 肛",9,,,,,,
534,kuɑ̃,,陰平53,"光, 胱, 洸",3,,,,,,
536,kəŋ,,陰平53,"跟, 根, 更, 耕, 賡",5,,,,,,
539,koŋ,,陰平53,"公, 蚣, 工, 功, 攻, 弓, 躬, 宫, 恭, 供, 龔, 肱, 疘",13,,,,,,
546,kʰu,,陰平53,"科, 窠, 棵, 枯, 庫, 苛, 柯, 蝌, 骷, 軻, 稞, 髁",12,,,,,,
548,kʰa,,陰平53,揩,1,,,,,,
550,kʰua,,陰平53,誇,1,,,,,,
552,kʰo,,陰平53,誇,1,,,,,,
554,kʰɔ,,陰平53,敲,1,,,,,,
556,kʰɤ,,陰平53,"摳, 瞘",2,,,,,,
558,kʰe,,陰平53,"開, 堪, 龕, 鉛, 戡",5,,,,,,
560,kʰue,,陰平53,"盔, 魁, 筷, 奎, 虧, 窺",6,,,,,,
562,kʰø,,陰平53,看,1,,,,,,
564,kʰuø,,陰平53,"寬, 髖",2,,,,,,
566,kʰã,,陰平53,坑,1,,,,,,
567,kʰɑ̃,,陰平53,"康, 糠, 炕, 坑",4,,,,,,
569,kʰuɑ̃,,陰平53,"桄, 匡, 筐, 眶, 框",5,,,,,,
571,kʰəŋ,,陰平53,鏗,1,,,,,,
573,kʰuəŋ,,陰平53,"昆, 崑, 坤, 琨, 鯤",5,,,,,,
575,kʰoŋ,,陰平53,"空, 箜",2,,,,,,
592,ŋu,,陰平53,我,1,,,,,,
594,ŋa,,陰平53,"砑, 捱",2,,,,,,
605,hu,,陰平53,"呼, 乎",2,,,,,,
607,ha,,陰平53,,1,,,,,,
609,hua,,陰平53,"花, 歪, 嘩",3,,,,,,
611,ho,,陰平53,"蝦, 花, 華, 呵",4,,,,,,
613,hɔ,,陰平53,"薅, 嵩",2,,,,,,
615,hɤ,,陰平53,"吼, 齁, 呴",3,,,,,,
617,he,,陰平53,䫲,1,,,,,,
619,hue,,陰平53,"恢, 灰, 麾, 揮, 輝, 徽, 詼, 暉",8,,,,,,
621,hø,,陰平53,"蝦, 蚶, 酣, 鼾",4,,,,,,
623,huø,,陰平53,歡,1,,,,,,
625,hã,,陰平53,"夯, 亨, 哼",3,,,,,,
626,huɑ̃,,陰平53,"荒, 慌, 黃, 肓",4,,,,,,
628,həŋ,,陰平53,哼,1,,,,,,
630,huəŋ,,陰平53,"昏, 婚, 葷",3,,,,,,
631,hoŋ,,陰平53,"轟, 揈, 烘, 閧, 薨",5,,,,,,
641,ɦy,,陰平53,"於, 淤, 迂, 瘀",4,,,,,,
121,baʔ,,陽入1,"拔, 白, 帛, 跋",4,,,,,,
122,boʔ,,陽入1,"薄, 縛, 僕, 曝, 瀑, 匐, 箔, 䞳",8,,,,,,
123,bəʔ,,陽入1,"別, 鈸, 勃, 脖, 渤, 鵓, 孛",7,,,,,,
124,biɪʔ,,陽入1,"枇, 別, 憋, 弼, 蹩, 愎",6,,,,,,
152,maʔ,,陽入1,"襪, 陌, 麥, 脈",4,,,,,,
153,moʔ,,陽入1,"莫, 膜, 寞, 摸, 木, 目, 穆, 牧, 漠, 沐, 睦, 苜",12,,,,,,
154,məʔ,,陽入1,"抹, 末, 沫, 沒, 物, 墨, 默, 茉, 歿",9,,,,,,
155,miɪʔ,,陽入1,"滅, 篾, 密, 蜜, 覓, 蔑, 汨, 搣, 冪",9,,,,,,
180,vaʔ,,陽入1,"乏, 伐, 筏, 罰, 閥",5,,,,,,
181,voʔ,,陽入1,"復, 縛, 複, 服, 伏, 袱, 茯",7,,,,,,
182,vəʔ,,陽入1,"佛, 物, 勿, 弗, 拂, 氟",6,,,,,,
213,tiɪʔ,,陽入1,"跌, 摘, 的, 滴, 嫡, 鏑, 擿, 扚",8,,,,,,
254,daʔ,,陽入1,"踏, 達, 撻, 闥, 䈳",5,,,,,,
255,doʔ,,陽入1,"鐸, 踱, 獨, 讀, 牘, 犢, 毒, 瀆, 櫝, 黷",10,,,,,,
256,dəʔ,,陽入1,"疊, 奪, 突, 特, 凸",5,,,,,,
257,diɪʔ,,陽入1,"疊, 碟, 牒, 蝶, 諜, 笛, 敵, 狄, 糴, 迭, 翟, 荻, 迪, 滌",14,,,,,,
273,naʔ,,陽入1,"納, 捺, 呐, 鈉, 衲",5,,,,,,
274,noʔ,,陽入1,諾,1,,,,,,
275,nəʔ,,陽入1,"納, 訥",2,,,,,,
301,laʔ,,陽入1,"臘, 蠟, 獵, 辣, 瘌, 邋, 剌",7,,,,,,
302,liaʔ,,陽入1,"略, 掠",2,,,,,,
303,loʔ,,陽入1,"賂, 落, 烙, 駱, 酪, 洛, 絡, 樂, 鹿, 祿, 六, 陸, 綠, 錄, 漉, 碌, 戮, 麓, 氯, 轆, 盝, 熝, 䃙",23,,,,,,
304,ləʔ,,陽入1,"捋, 肋, 勒",3,,,,,,
305,liɪʔ,,陽入1,"荔, 立, 笠, 粒, 列, 烈, 裂, 劣, 栗, 律, 率, 力, 歷, 曆, 櫟, 瀝, 捩, 冽, 礫, 靂, 溧, 蒞, 僳, 櫪",24,,,,,,
400,zaʔ,,陽入1,"雜, 閘, 煠, 鍘, 着, 芍, 若, 弱, 宅, 擲, 石, 碩, 砸",13,,,,,,
401,zoʔ,,陽入1,"射, 續, 鑿, 昨, 勺, 啄, 濁, 鐲, 族, 逐, 熟, 淑, 俗, 贖, 蜀, 屬, 辱, 妯, 孰, 躅",20,,,,,,
402,zəʔ,,陽入1,"涉, 蟄, 十, 什, 拾, 入, 蜇, 折, 舌, 姪, 秩, 實, 日, 朮, 術, 述, 賊, 直, 值, 食, 蝕, 殖, 澤, 擇, 擲, 哉, 躑",27,,,,,,
457,ʥioʔ,,陽入1,"拙, 倔, 屐, 軸, 局, 崛, 撅, 䞷",8,,,,,,
458,ʥiɪʔ,,陽入1,"及, 傑, 極, 劇, 竭, 笈, 桀",7,,,,,,
459,ʥyɪʔ,,陽入1,"掘, 倔, 屐, 軸, 局, 崛, 撅, 䞷",8,,,,,,
474,ȵiaʔ,,陽入1,"捏, 虐, 瘧, 箬",4,,,,,,
475,ȵioʔ,,陽入1,"月, 肉, 褥, 玉, 縟",5,,,,,,
476,ȵiɪʔ,,陽入1,"聶, 鑷, 躡, 業, 熱, 孽, 日, 匿, 逆, 溺, 齧, 涅, 鎳, 蘖",14,,,,,,
477,ȵyɪʔ,,陽入1,月,1,,,,,,
508,ʑiaʔ,,陽入1,嚼,1,,,,,,
509,ʑiɪʔ,,陽入1,"藉, 捷, 集, 習, 襲, 截, 絕, 疾, 籍, 席, 夕, 寂, 睫, 蒺, 矽",15,,,,,,
589,ɡaʔ,,陽入1,軋,1,,,,,,
590,ɡoʔ,,陽入1,擱,1,,,,,,
591,ɡəʔ,,陽入1,"個, 搿",2,,,,,,
602,ŋaʔ,,陽入1,"額, 齾",2,,,,,,
603,ŋoʔ,,陽入1,"鄂, 鶴, 瘧, 嶽, 岳, 愕, 齶, 鱷, 萼",9,,,,,,
604,ŋəʔ,,陽入1,"杌, 核, 扼, 軛, 厄, 兀",6,,,,,,
668,ɦaʔ,,陽入1,"盒, 狹, 匣, 狎",4,,,,,,
669,ɦiaʔ,,陽入1,"峽, 洽, 挾, 協, 樂, 藥, 鑰, 躍, 學, 俠",10,,,,,,
670,ɦuaʔ,,陽入1,"滑, 猾, 磆",3,,,,,,
671,ɦoʔ,,陽入1,"鑊, 學, 或, 惑, 斛",5,,,,,,
672,ɦioʔ,,陽入1,"悅, 閱, 月, 越, 曰, 粤, 穴, 嶽, 岳, 域, 疫, 役, 育, 獄, 欲, 慾, 浴, 煜, 毓, 聿, 鬻, 鉞",22,,,,,,
673,ɦəʔ,,陽入1,"合, 核, 闔, 劾, 閡",5,,,,,,
674,ɦuəʔ,,陽入1,"活, 核, 獲, 囫",4,,,,,,
675,ɦiɪʔ,,陽入1,"易, 葉, 頁, 逸, 翼, 亦, 譯, 液, 腋, 佚, 奕, 熠, 驛, 軼, 曳, 弈, 翌, 掖, 蜴, 弋, 繹",21,,,,,,
676,ɦyɪʔ,,陽入1,"悅, 閱, 月, 越, 曰, 粤, 穴, 嶽, 岳, 域, 疫, 役, 育, 獄, 欲, 慾, 煜, 毓, 聿, 鬻, 鉞",21,,,,,,
108,bi,,陽去13,"敝, 弊, 幣, 斃, 陛, 鐾, 皮, 疲, 脾, 被, 婢, 避, 琵, 痹, 肥, 便, 辨, 辯, 汴, 辮, 薇, 卞, 啤, 駢, 陂, 弁, 坒, 鮍",28,,,,,,
109,bu,,陽去13,"婆, 薄, 蒲, 菩, 脯, 部, 簿, 步, 捕, 埠, 伏, 葡, 哺, 鄱, 匍, 䈬",16,,,,,,
110,ba,,陽去13,"爬, 琶, 排, 牌, 罷, 稗, 敗, 俳",8,,,,,,
111,bo,,陽去13,"爬, 琶, 杷, 耙, 扒, 䶕",6,,,,,,
112,bɔ,,陽去13,"袍, 抱, 暴, 菢, 跑, 刨, 鮑, 爆, 雹, 曝, 瀑, 咆, 爮",13,,,,,,
113,biɔ,,陽去13,"瓢, 嫖, 鰾, 剽",4,,,,,,
114,be,,陽去13,"培, 陪, 賠, 裴, 倍, 背, 佩, 焙, 被, 備, 疿, 瓣, 辦, 爿, 徘, 蓓, 掊",17,,,,,,
115,bø,,陽去13,"盤, 伴, 拌, 絆, 叛, 磐, 蟠, 槃, 瀊",9,,,,,,
116,bã,,陽去13,"蚌, 朋, 彭, 膨, 棚, 碰, 甏, 澎, 鵬, 硼, 蟛",11,,,,,,
117,bɑ̃,,陽去13,"滂, 旁, 螃, 傍, 防, 彷, 龐, 棒, 膀, 磅, 鳑",11,,,,,,
118,bəŋ,,陽去13,"盆, 笨, 坌",3,,,,,,
119,biŋ,,陽去13,"貧, 頻, 憑, 平, 坪, 評, 病, 瓶, 屏, 萍, 並, 蘋, 顰, 瀕",14,,,,,,
120,boŋ,,陽去13,"篷, 蓬, 鳳, 埲",4,,,,,,
127,mi,,陽去13,"迷, 米, 謎, 糜, 彌, 靡, 眉, 媚, 尾, 未, 味, 綿, 棉, 免, 勉, 娩, 緬, 澠, 面, 眠, 麵, 魅, 麋, 沔, 冕, 嵋, 醚",27,,,,,,
129,mu,,陽去13,"魔, 磨, 摩, 模, 摹, 暮, 慕, 墓, 募, 牡, 蘑",11,,,,,,
131,ma,,陽去13,"馬, 罵, 埋, 買, 賣, 瑪",6,,,,,,
133,mo,,陽去13,"魔, 磨, 摩, 麻, 馬, 碼, 罵, 模, 摹, 暮, 慕, 墓, 募, 幕, 蘑, 螞, 瑪",17,,,,,,
135,mɔ,,陽去13,"毛, 冒, 帽, 茅, 貓, 錨, 卯, 貌, 茂, 貿, 矛, 鉚, 犛, 髦, 瑁, 懋, 耄, 蝥, 泖",19,,,,,,
137,miɔ,,陽去13,"苗, 描, 藐, 渺, 秒, 廟, 妙, 謬, 繆, 瞄, 眇",11,,,,,,
138,mɤ,,陽去13,"某, 畝, 牡, 茂, 貿, 謀, 矛, 眸, 牟, 侔",10,,,,,,
139,miɤ,,陽去13,謬,1,,,,,,
141,me,,陽去13,"邁, 謎, 梅, 枚, 媒, 煤, 每, 妹, 昧, 楣, 黴, 媚, 寐, 蠻, 慢, 漫, 玩, 頑, 晚, 萬, 蔓, 玫, 霾, 謾, 莓, 酶, 魅, 嵋, 袂",29,,,,,,
142,mø,,陽去13,"瞞, 饅, 滿, 鰻",4,,,,,,
143,mã,,陽去13,"猛, 孟, 蜢, 錳, 稝",5,,,,,,
144,mɑ̃,,陽去13,"忙, 芒, 茫, 莽, 蟒, 亡, 網, 忘, 妄, 望, 盲, 虻, 懵, 夢, 氓, 罔, 魍, 硭, 䈍",19,,,,,,
147,məŋ,,陽去13,"門, 蚊, 聞, 問, 萌, 盟, 捫, 懣",8,,,,,,
149,miŋ,,陽去13,"閩, 民, 憫, 敏, 明, 皿, 命, 名, 銘, 岷, 閔, 冥, 溟, 瞑, 茗, 酩, 泯, 暝, 瑉",19,,,,,,
151,moŋ,,陽去13,"蒙, 懵, 蠓, 夢, 檬, 朦, 濛",7,,,,,,
172,vi,,陽去13,"維, 惟, 唯, 肥, 微, 尾, 費, 未, 味, 薇, 帷, 淝, 濰, 腓",14,,,,,,
173,vu,,陽去13,"符, 扶, 芙, 撫, 父, 腐, 輔, 附, 浮, 婦, 負, 阜, 伏, 駙, 蜉, 苻, 拊, 桴",18,,,,,,
174,viɔ,,陽去13,覅,1,,,,,,
175,vɤ,,陽去13,"浮, 負, 阜, 蜉, 桴",5,,,,,,
176,ve,,陽去13,"凡, 帆, 范, 範, 犯, 藩, 煩, 礬, 繁, 飯, 萬, 梵, 蕃, 樊",14,,,,,,
177,vɑ̃,,陽去13,"房, 防",2,,,,,,
178,vəŋ,,陽去13,"焚, 墳, 文, 紋, 蚊, 聞, 憤, 忿, 吻, 刎, 份, 問, 雯, 紊",14,,,,,,
179,voŋ,,陽去13,"馮, 鳳, 逢, 縫, 奉, 俸",6,,,,,,
242,di,,陽去13,"堤, 題, 提, 蹄, 啼, 弟, 第, 遞, 隸, 地, 甜, 田, 塡, 電, 殿, 奠, 佃, 墊, 逮, 滇, 甸, 澱, 靛, 恬, 棣, 醍, 闐, 娣, 鈿, 㼭, 湉",31,,,,,,
243,du,,陽去13,"駝, 馱, 舵, 大, 惰, 徒, 屠, 途, 塗, 圖, 肚, 杜, 度, 渡, 鍍, 坨, 陀, 墮, 荼, 佗, 沱, 砣, 鴕, 跎",24,,,,,,
244,da,,陽去13,"大, 汏, 埭, 䈆",4,,,,,,
245,dɔ,,陽去13,"掏, 桃, 逃, 淘, 陶, 萄, 濤, 道, 稻, 盜, 導, 蹈, 悼, 燾, 咷",15,,,,,,
246,diɔ,,陽去13,"條, 調, 掉, 苕, 笤, 迢",6,,,,,,
247,dɤ,,陽去13,"頭, 投, 豆, 逗, 讀, 痘, 骰, 竇",8,,,,,,
248,de,,陽去13,"臺, 苔, 抬, 待, 怠, 殆, 貸, 代, 袋, 隊, 兌, 潭, 譚, 談, 痰, 淡, 檀, 壇, 彈, 但, 蛋, 逮, 頹, 憚, 氮, 曇, 覃, 岱, 黛, 啖, 玳, 罈, 紿",33,,,,,,
249,dø,,陽去13,"團, 糰, 斷, 段, 緞, 摶, 萏, 篿",8,,,,,,
250,dɑ̃,,陽去13,"堂, 棠, 螳, 唐, 糖, 塘, 蕩, 宕, 搪, 碭, 膛, 儻, 溏, 樘, 婸, 趤",16,,,,,,
251,dəŋ,,陽去13,"屯, 豚, 飩, 臀, 囤, 沌, 盾, 鈍, 遁, 騰, 藤, 疼, 鄧, 滕, 賸",15,,,,,,
252,diŋ,,陽去13,"亭, 停, 廷, 庭, 蜓, 錠, 定, 婷, 霆",9,,,,,,
253,doŋ,,陽去13,"同, 銅, 桐, 筒, 童, 瞳, 桶, 動, 洞, 彤, 恫, 慟, 侗, 潼, 僮, 烔",16,,,,,,
259,nu,,陽去13,"糯, 奴, 努, 怒, 駑, 弩, 孥",7,,,,,,
261,na,,陽去13,"挪, 哪, 拿, 奶, 艿, 倷",6,,,,,,
263,no,,陽去13,"挪, 哪, 拿",3,,,,,,
264,nɔ,,陽去13,"腦, 惱, 鬧, 淖, 瑙",5,,,,,,
266,ne,,陽去13,"乃, 耐, 奈, 奶, 內, 難, 餒, 鼐",8,,,,,,
268,nø,,陽去13,"南, 男, 暖, 喃, 楠, 囡",6,,,,,,
269,nɑ̃,,陽去13,"囊, 曩, 瓤, 攘",4,,,,,,
270,nəŋ,,陽去13,"嫩, 能",2,,,,,,
272,noŋ,,陽去13,"齈, 弄, 農, 膿, 儂",5,,,,,,
276,li,,陽去13,"例, 厲, 勵, 犁, 黎, 禮, 麗, 離, 籬, 璃, 梨, 利, 痢, 釐, 狸, 李, 里, 裏, 理, 鯉, 吏, 淚, 廉, 鐮, 簾, 斂, 殮, 臉, 連, 聯, 憐, 蓮, 練, 鍊, 楝, 戀, 娌, 蜊, 藜, 鏈, 鰱, 奩, 莉, 漓, 俐, 漣, 喱, 儷, 驪, 鸝, 俚, 澧, 醴, 蒞, 詈, 蠡, 褳, 戾, 礪, 謰, 鱺",61,,,,,,
278,lu,,陽去13,"羅, 鑼, 籮, 騾, 螺, 腡, 裸, 盧, 爐, 蘆, 魯, 櫓, 虜, 滷, 路, 賂, 露, 鷺, 廬, 驢, 如, 汝, 儒, 乳, 卵, 蘿, 顱, 擄, 邏, 茹, 孺, 蠕, 濡, 瀘, 轤, 潞, 鱸, 璐, 玀",39,,,,,,
279,ly,,陽去13,"驢, 呂, 旅, 慮, 濾, 縷, 屢, 履, 鋁, 閭, 侶, 櫚, 膂",13,,,,,,
281,la,,陽去13,"賴, 癩, 攋, 喇, 垃, 籟, 瀨",7,,,,,,
283,lɔ,,陽去13,"勞, 牢, 老, 澇, 癆, 佬, 姥, 醪, 栳, 憦",10,,,,,,
285,liɔ,,陽去13,"燎, 療, 聊, 遼, 撩, 寥, 了, 瞭, 料, 廖, 鐐, 僚, 潦, 繚, 獠, 蓼, 䩍",17,,,,,,
286,lɤ,,陽去13,"樓, 摟, 耬, 簍, 漏, 陋, 揉, 婁, 髏, 蹂, 僂, 螻, 鏤, 瘺, 謱",15,,,,,,
288,liɤ,,陽去13,"流, 劉, 留, 榴, 硫, 琉, 柳, 餾, 綹, 瘤, 瀏",11,,,,,,
289,le,,陽去13,"來, 賴, 雷, 儡, 累, 壘, 類, 藍, 籃, 覽, 攬, 欖, 濫, 纜, 蘭, 攔, 欄, 懶, 爛, 檻, 擂, 萊, 嵐, 婪, 闌, 瀾, 磊, 蕾, 鐳, 耒, 籟, 讕, 斕, 睞, 賚, 瀨, 誄",37,,,,,,
290,lø,,陽去13,"鸞, 卵, 亂, 鑾, 巒, 灤, 欒",7,,,,,,
291,lã,,陽去13,冷,1,,,,,,
292,liã,,陽去13,"二, 良, 涼, 量, 糧, 梁, 粱, 兩, 亮, 諒, 輛, 倆, 魎, 晾, 踉",15,,,,,,
294,lɑ̃,,陽去13,"郎, 廊, 狼, 朗, 浪, 㫰, 螂, 榔, 琅, 鋃",10,,,,,,
296,ləŋ,,陽去13,"刃, 論, 崙, 倫, 淪, 輪, 稜, 圇, 綸, 埨",10,,,,,,
298,liŋ,,陽去13,"林, 淋, 臨, 檁, 鄰, 鱗, 燐, 吝, 陵, 凌, 菱, 領, 嶺, 令, 靈, 零, 鈴, 伶, 翎, 另, 欞, 齡, 粼, 稜, 琳, 霖, 麟, 凜, 廩, 懍, 藺, 躪, 苓, 囹, 玲, 聆, 綾, 蛉, 羚, 瓴, 繗, 泠, 鴒",43,,,,,,
300,loŋ,,陽去13,"籠, 聾, 攏, 弄, 隆, 龍, 隴, 嚨, 窿, 壟, 瓏, 朧, 礱",13,,,,,,
387,zɿ,,陽去13,"除, 儲, 苎, 箸, 鋤, 署, 薯, 如, 汝, 廚, 柱, 住, 雛, 殊, 豎, 樹, 儒, 乳, 滯, 誓, 逝, 池, 馳, 匙, 是, 氏, 豉, 瓷, 餈, 自, 遲, 稚, 示, 視, 嗜, 慈, 磁, 辭, 詞, 祠, 似, 祀, 巳, 字, 伺, 寺, 嗣, 飼, 持, 痔, 治, 士, 仕, 柿, 事, 時, 鰣, 市, 恃, 侍, 弛, 櫥, 躇, 茹, 孺, 蠕, 曙, 墅, 仔, 濡, 諡, 峙, 貯, 蒔, 伫",75,,,,,,
388,zu,,陽去13,"坐, 座, 鋤, 助, 䠡",5,,,,,,
389,za,,陽去13,"惹, 豺, 柴",3,,,,,,
390,zia,,陽去13,"邪, 斜, 謝, 榭",4,,,,,,
391,zo,,陽去13,"茶, 搽, 查, 乍, 蛇, 佘, 社, 射, 麝, 昨",10,,,,,,
392,zɔ,,陽去13,"曹, 槽, 皂, 造, 巢, 朝, 潮, 趙, 兆, 召, 韶, 紹, 邵, 饒, 擾, 肇, 嘈, 嘲, 晁, 漕",20,,,,,,
393,zɤ,,陽去13,"綢, 稠, 籌, 紂, 宙, 愁, 驟, 仇, 酬, 受, 壽, 授, 售, 柔, 揉, 疇, 躊, 蹂, 綬, 儔, 胄",21,,,,,,
394,ze,,陽去13,"才, 材, 財, 裁, 纔, 在, 豺, 寨, 罪, 慚, 暫, 站, 賺, 讒, 饞, 殘, 灒, 綻, 棧, 涎, 哉, 湛, 髯, 儕, 巉",25,,,,,,
395,zø,,陽去13,"罪, 芮, 銳, 隨, 髓, 垂, 睡, 瑞, 蘂, 遂, 隧, 穗, 槌, 錘, 墜, 誰, 蠶, 蟾, 染, 冉, 單, 纏, 蟬, 禪, 善, 然, 燃, 膳, 撰, 傳, 椽, 篆, 船, 篅, 鱔, 悴, 擅, 贍, 隋, 饌, 椎, 嬋, 陲, 繕, 嬗",45,,,,,,
396,zã,,陽去13,"藏, 長, 腸, 場, 丈, 仗, 杖, 常, 剩, 鋥, 䂻, 盛, 嫦",13,,,,,,
397,zɑ̃,,陽去13,"藏, 臟, 牀, 嘗, 裳, 償, 上, 壯, 狀, 尚, 撞, 緔, 幢",13,,,,,,
398,zəŋ,,陽去13,"沉, 岑, 葚, 甚, 壬, 任, 紝, 陳, 塵, 陣, 神, 娠, 辰, 晨, 臣, 腎, 愼, 人, 仁, 忍, 刃, 認, 韌, 存, 唇, 純, 蒓, 醇, 順, 潤, 閏, 澄, 曾, 層, 贈, 懲, 橙, 乘, 繩, 承, 丞, 剩, 仍, 呈, 程, 鄭, 成, 城, 誠, 盛, 盛, 鶉, 蜃, 淳, 荏, 仞, 飪, 妊, 呻, 吮, 忱, 涔, 諶, 衽, 嵊",65,,,,,,
399,zoŋ,,陽去13,"叢, 蟲, 仲, 崇, 戎, 從, 誦, 頌, 訟, 重, 茸",11,,,,,,
447,ʥyŋ,,陽去13,"羣, 裙, 郡",3,,,,,,
448,ʥi,,陽去13,"奇, 騎, 岐, 技, 妓, 祁, 鰭, 其, 棋, 期, 旗, 忌, 祈, 鉗, 儉, 乾, 虔, 掮, 件, 鍵, 健, 腱, 淇, 歧, 伎, 崎, 琪, 琦, 祺, 黔, 畸, 麒, 耆, 芪, 祇, 頎, 蜞, 猗, 揵, 萁, 錡",41,,,,,,
449,ʥy,,陽去13,"渠, 巨, 拒, 距, 俱, 瞿, 具, 懼, 跪, 櫃, 炬, 颶, 馗, 衢, 遽, 蕖",16,,,,,,
450,ʥia,,陽去13,茄,1,,,,,,
451,ʥiɔ,,陽去13,"瞧, 喬, 僑, 橋, 蕎, 轎, 翹, 撟",8,,,,,,
452,ʥiɤ,,陽去13,"囚, 泅, 仇, 求, 球, 臼, 舅, 咎, 舊, 柩, 裘, 桕, 虬",13,,,,,,
453,ʥyø,,陽去13,"圈, 拳, 權, 顴, 倦, 踡, 蜷, 鬈, 綣, 䟒, 䠰",11,,,,,,
454,ʥiã,,陽去13,強,1,,,,,,
455,ʥiŋ,,陽去13,"琴, 禽, 擒, 僅, 勤, 芹, 近, 擎, 鯨, 競, 覲, 噤, 痙, 黥, 檠, 凚",16,,,,,,
456,ʥioŋ,,陽去13,"羣, 裙, 郡, 瓊, 窮, 穹",6,,,,,,
461,ȵi,,陽去13,"泥, 藝, 倪, 兒, 宜, 儀, 蟻, 誼, 義, 議, 尼, 膩, 二, 貳, 耳, 疑, 擬, 毅, 尾, 染, 驗, 閻, 嚴, 儼, 釅, 念, 年, 研, 硯, 呢, 霓, 詣, 妮, 囈, 伲",35,,,,,,
462,ȵy,,陽去13,"女, 語, 御, 禦, 虞, 娛, 寓, 馭, 隅, 圄",10,,,,,,
464,ȵiɔ,,陽去13,"鐃, 撓, 饒, 橈, 擾, 繞, 堯, 嬲, 蟯",9,,,,,,
466,ȵiɤ,,陽去13,"紐, 牛, 鈕",3,,,,,,
467,ȵie,,陽去13,"念, 廿, 罱",3,,,,,,
468,ȵyø,,陽去13,"軟, 元, 原, 源, 阮, 願, 遠, 黿",8,,,,,,
471,ȵiã,,陽去13,"娘, 壤, 嚷, 仰, 釀, 讓",6,,,,,,
472,ȵiŋ,,陽去13,"壬, 任, 吟, 賃, 齦, 人, 仁, 忍, 認, 韌, 銀, 閏, 仍, 凝, 迎, 寧, 佞, 濘, 仞, 妊, 垠, 檸, 嚀, 獰, 衽, 鄞, 狺",27,,,,,,
473,ȵioŋ,,陽去13,"戎, 絨, 濃, 茸, 冗, 醲",6,,,,,,
500,ʑyŋ,,陽去13,"旬, 循, 巡, 徇",4,,,,,,
501,ʑi,,陽去13,"徐, 齊, 臍, 薺, 潛, 漸, 錢, 踐, 賤, 餞, 羡, 前, 全, 泉, 旋, 痊, 漩, 璿, 蠐, 鱭",20,,,,,,
502,ʑy,,陽去13,"序, 敍, 緒, 聚",4,,,,,,
503,ʑiɔ,,陽去13,"巢, 樵, 剿, 憔, 譙, 繅, 㩭",7,,,,,,
504,ʑiɤ,,陽去13,"就, 袖, 酋, 遒, 鷲, 岫",6,,,,,,
505,ʑiã,,陽去13,"牆, 詳, 祥, 象, 像, 橡, 匠, 薔, 檣, 翔",10,,,,,,
506,ʑiŋ,,陽去13,"尋, 秦, 盡, 旬, 循, 巡, 情, 晴, 靜, 靖, 淨, 餳, 潯, 燼, 蕈",15,,,,,,
507,ʑioŋ,,陽去13,徇,1,,,,,,
581,ɡa,,陽去13,"茄, 解, 懈, 伽, 骱, 澥",6,,,,,,
582,ɡɔ,,陽去13,"攪, 搞, 骹",3,,,,,,
583,ɡɤ,,陽去13,"藕, 偶, 耦, 跔, 䊵",5,,,,,,
584,ɡe,,陽去13,隑,1,,,,,,
585,ɡue,,陽去13,"潰, 跪, 逵, 葵, 癸, 愧, 櫃, 環, 睽, 寰, 鬟, 馗, 摜, 夔, 揆",15,,,,,,
586,ɡɑ̃,,陽去13,戇,1,,,,,,
587,ɡuɑ̃,,陽去13,"狂, 逛, 誑",3,,,,,,
588,ɡoŋ,,陽去13,共,1,,,,,,
593,ŋu,,陽去13,"蛾, 鵝, 俄, 我, 餓, 訛, 臥, 吾, 梧, 誤, 悟, 互, 娥, 晤, 寤",15,,,,,,
595,ŋa,,陽去13,"牙, 芽, 衙, 砑, 捱, 外, 蚜",7,,,,,,
596,ŋo,,陽去13,"廈, 下, 夏, 瓦, 華, 華, 鏵, 划, 樺, 畫, 話, 嘩, 驊",13,,,,,,
597,ŋɔ,,陽去13,"熬, 傲, 咬, 遨, 嗷, 翱, 鏖, 敖, 鼇, 螯",10,,,,,,
598,ŋe,,陽去13,"呆, 礙, 艾, 巖, 銜, 眼, 顔, 癌, 皚",9,,,,,,
599,ŋø,,陽去13,岸,1,,,,,,
600,ŋã,,陽去13,硬,1,,,,,,
601,ŋɑ̃,,陽去13,昂,1,,,,,,
638,ɦyŋ,,陽去13,"勻, 允, 云, 雲, 韻, 運, 暈, 孕, 芸, 耘, 隕, 殞",12,,,,,,
640,ɦu,,陽去13,"河, 何, 荷, 賀, 和, 禾, 禍, 吳, 蜈, 伍, 午, 胡, 湖, 狐, 壺, 乎, 瓠, 鬍, 戶, 滬, 互, 護, 無, 巫, 撫, 腐, 武, 舞, 侮, 鵡, 傅, 務, 霧, 戊, 婦, 蝴, 糊, 弧, 瑚, 毋, 蕪, 鶩, 扈, 嫵, 醐, 騖",46,,,,,,
643,ɦy,,陽去13,"魚, 漁, 於, 余, 餘, 與, 譽, 預, 豫, 愚, 虞, 娛, 遇, 寓, 于, 盂, 榆, 逾, 愉, 雨, 宇, 禹, 羽, 愈, 芋, 喻, 裕, 圍, 緯, 俞, 輿, 予, 嶼, 諛, 瑜, 竽, 諭, 臾, 萸, 腴, 庾, 籲",42,,,,,,
644,ɦa,,陽去13,"也, 鞋",2,,,,,,
645,ɦia,,陽去13,"牙, 芽, 衙, 耶, 爺, 野, 夜, 涯, 崖, 蚜",10,,,,,,
646,ɦua,,陽去13,"華, 華, 鏵, 樺, 懷, 槐, 淮, 壞, 畫, 話, 驊",11,,,,,,
647,ɦɔ,,陽去13,"豪, 壕, 毫, 號, 浩, 嚎, 昊, 皓, 㩝, 顥, 濠",11,,,,,,
648,ɦiɔ,,陽去13,"咬, 校, 肴, 淆, 效, 搖, 謠, 窰, 姚, 舀, 耀, 鷂, 堯, 杳, 遙, 瑤, 爻, 徭, 曜",19,,,,,,
649,ɦɤ,,陽去13,"侯, 喉, 猴, 瘊, 後, 厚, 后, 候, 篌",9,,,,,,
650,ɦiɤ,,陽去13,"尤, 郵, 由, 油, 游, 猶, 有, 友, 酉, 莠, 誘, 又, 右, 祐, 柚, 鼬, 釉, 宥, 鈾, 魷, 囿, 蚰, 疣, 猷, 侑",25,,,,,,
651,ɦe,,陽去13,"孩, 亥, 害, 駭, 咸, 鹹, 陷, 餡, 銜, 閒, 限, 還, 嫻, 骸",14,,,,,,
652,ɦie,,陽去13,"也, 械, 懈, 閒, 限, 嫻",6,,,,,,
653,ɦue,,陽去13,"桅, 會, 會, 回, 茴, 匯, 繪, 懷, 惠, 慧, 衛, 危, 僞, 為, 位, 魏, 違, 圍, 偉, 葦, 緯, 胃, 謂, 蝟, 彙, 還, 患, 宦, 蛔, 徊, 豢, 彗, 巍, 韋, 渭, 蔚, 煒, 蕙, 幃, 韙, 迴, 闈, 瑋",43,,,,,,
654,ɦø,,陽去13,"含, 函, 撼, 憾, 寒, 韓, 旱, 汗, 銲, 翰, 涵, 邯, 捍, 悍, 頷, 瀚, 菡",17,,,,,,
655,ɦuø,,陽去13,"桓, 完, 丸, 玩, 換, 頑, 紈",7,,,,,,
656,ɦyø,,陽去13,"圓, 員, 緣, 院, 元, 袁, 轅, 園, 援, 遠, 玄, 懸, 縣, 眩, 垣, 泫, 爰, 鳶, 櫞",19,,,,,,
657,ɦã,,陽去13,"行, 杏, 桁",3,,,,,,
658,ɦiã,,陽去13,"羊, 洋, 烊, 楊, 陽, 揚, 瘍, 養, 癢, 樣, 佯, 恙, 氧, 漾, 煬, 蛘",16,,,,,,
659,ɦuã,,陽去13,橫,1,,,,,,
660,ɦɑ̃,,陽去13,"行, 航, 杭, 降, 項, 巷, 絎",7,,,,,,
661,ɦiɑ̃,,陽去13,旺,1,,,,,,
662,ɦuɑ̃,,陽去13,"黃, 簧, 皇, 蝗, 亡, 網, 忘, 妄, 望, 狂, 王, 旺, 蟥, 隍, 磺, 凰, 徨, 惶, 煌, 潢, 璜",21,,,,,,
663,ɦəŋ,,陽去13,"痕, 恨, 恆, 衡, 蘅",5,,,,,,
664,ɦiŋ,,陽去13,"淫, 寅, 引, 尹, 行, 幸, 盈, 贏, 形, 型, 刑, 螢, 營, 塋, 穎, 邢, 蚓, 胤, 熒, 瑩, 楹, 潁, 霪, 悻",24,,,,,,
665,ɦuəŋ,,陽去13,"魂, 餛, 渾, 混, 諢",5,,,,,,
666,ɦoŋ,,陽去13,"虹, 弘, 宏, 紅, 洪, 鴻, 泓",7,,,,,,
667,ɦioŋ,,陽去13,"勻, 允, 云, 雲, 韻, 運, 暈, 孕, 螢, 榮, 營, 塋, 熊, 雄, 融, 容, 蓉, 庸, 用, 傭, 溶, 熔, 榕, 熒, 瑩, 芸, 耘, 隕, 鏞, 慵",30,,,,,,
677,ɦəl,,陽去13,"兒, 爾, 二, 貳, 而, 耳, 餌, 邇, 洱, 珥",10,,,,,,
678,ɦm̍,,陽去13,"畝, 嘸",2,,,,,,
679,ɦŋ̍,,陽去13,"五, 伍, 午, 魚, 兒",5,,,,,,
,,,,,5719,,,,,,